Workbook

Sheet Léeme
A1: 10 fórmulas de Excel con IA: tu planilla se llena sola
A3: Plantilla de Atajos IA (youtube.com/@AtajosIAoficial). Los datos son ficticios: reemplázalos por los tuyos.
A4: Las fórmulas funcionan en Excel para la web (gratis) y en Excel 2021/365. No tiene macros ni vínculos externos.

Sheet Pedidos
A1: Fecha | B1: Cliente (sistema) | C1: Cliente | D1: Vendedor (sistema) | E1: Vendedor | F1: Código | G1: Cant. | H1: Precio | I1: Desc. | J1: Neto | K1: Vence | L1: Pagado | M1: Estado
A2: 46238 | B2: ferretería el TORNILLO | C2: =PROPER(TRIM(B2)) | D2: V01 | Diego Paz | E2: =_xlfn.TEXTAFTER(D2,"| ") | F2: LIM-010 | G2: 40 | H2: =_xlfn.XLOOKUP(F2,Productos!A:A,Productos!C:C,"Código no existe") | I2: =_xlfn.IFS(G2*H2>=100000,10%,G2*H2>=40000,5%,TRUE,0) | J2: =G2*H2*(1-I2) | K2: =EOMONTH(A2,1) | L2: Sí | M2: =IF(L2="Sí","Cobrado",IF(K2<Resumen!$B$1,"Vencido","Al día"))
A3: 46246 | B3: LIBRERÍA SAN MARTÍN SRL | C3: =PROPER(TRIM(B3)) | D3: V02 | Carla Ruiz | E3: =_xlfn.TEXTAFTER(D3,"| ") | F3: PAP-200 | G3: 120 | H3: =_xlfn.XLOOKUP(F3,Productos!A:A,Productos!C:C,"Código no existe") | I3: =_xlfn.IFS(G3*H3>=100000,10%,G3*H3>=40000,5%,TRUE,0) | J3: =G3*H3*(1-I3) | K3: =EOMONTH(A3,1) | L3: No | M3: =IF(L3="Sí","Cobrado",IF(K3<Resumen!$B$1,"Vencido","Al día"))
A4: 46255 | B4: kiosco la esquina | C4: =PROPER(TRIM(B4)) | D4: V03 | Tomás Gil | E4: =_xlfn.TEXTAFTER(D4,"| ") | F4: LIM-020 | G4: 15 | H4: =_xlfn.XLOOKUP(F4,Productos!A:A,Productos!C:C,"Código no existe") | I4: =_xlfn.IFS(G4*H4>=100000,10%,G4*H4>=40000,5%,TRUE,0) | J4: =G4*H4*(1-I4) | K4: =EOMONTH(A4,1) | L4: Sí | M4: =IF(L4="Sí","Cobrado",IF(K4<Resumen!$B$1,"Vencido","Al día"))
A5: 46267 | B5: ferretería el tornillo | C5: =PROPER(TRIM(B5)) | D5: V01 | Diego Paz | E5: =_xlfn.TEXTAFTER(D5,"| ") | F5: PAP-210 | G5: 60 | H5: =_xlfn.XLOOKUP(F5,Productos!A:A,Productos!C:C,"Código no existe") | I5: =_xlfn.IFS(G5*H5>=100000,10%,G5*H5>=40000,5%,TRUE,0) | J5: =G5*H5*(1-I5) | K5: =EOMONTH(A5,1) | L5: Sí | M5: =IF(L5="Sí","Cobrado",IF(K5<Resumen!$B$1,"Vencido","Al día"))
A6: 46274 | B6: Colegio Nuevo Horizonte | C6: =PROPER(TRIM(B6)) | D6: V02 | Carla Ruiz | E6: =_xlfn.TEXTAFTER(D6,"| ") | F6: PAP-200 | G6: 300 | H6: =_xlfn.XLOOKUP(F6,Productos!A:A,Productos!C:C,"Código no existe") | I6: =_xlfn.IFS(G6*H6>=100000,10%,G6*H6>=40000,5%,TRUE,0) | J6: =G6*H6*(1-I6) | K6: =EOMONTH(A6,1) | L6: No | M6: =IF(L6="Sí","Cobrado",IF(K6<Resumen!$B$1,"Vencido","Al día"))
A7: 46280 | B7: KIOSCO LA ESQUINA | C7: =PROPER(TRIM(B7)) | D7: V03 | Tomás Gil | E7: =_xlfn.TEXTAFTER(D7,"| ") | F7: LIM-030 | G7: 25 | H7: =_xlfn.XLOOKUP(F7,Productos!A:A,Productos!C:C,"Código no existe") | I7: =_xlfn.IFS(G7*H7>=100000,10%,G7*H7>=40000,5%,TRUE,0) | J7: =G7*H7*(1-I7) | K7: =EOMONTH(A7,1) | L7: No | M7: =IF(L7="Sí","Cobrado",IF(K7<Resumen!$B$1,"Vencido","Al día"))
A8: 46288 | B8: librería san martín srl | C8: =PROPER(TRIM(B8)) | D8: V01 | Diego Paz | E8: =_xlfn.TEXTAFTER(D8,"| ") | F8: PAP-220 | G8: 40 | H8: =_xlfn.XLOOKUP(F8,Productos!A:A,Productos!C:C,"Código no existe") | I8: =_xlfn.IFS(G8*H8>=100000,10%,G8*H8>=40000,5%,TRUE,0) | J8: =G8*H8*(1-I8) | K8: =EOMONTH(A8,1) | L8: Sí | M8: =IF(L8="Sí","Cobrado",IF(K8<Resumen!$B$1,"Vencido","Al día"))
A9: 46295 | B9: Hotel Mirador | C9: =PROPER(TRIM(B9)) | D9: V01 | Diego Paz | E9: =_xlfn.TEXTAFTER(D9,"| ") | F9: LIM-040 | G9: 12 | H9: =_xlfn.XLOOKUP(F9,Productos!A:A,Productos!C:C,"Código no existe") | I9: =_xlfn.IFS(G9*H9>=100000,10%,G9*H9>=40000,5%,TRUE,0) | J9: =G9*H9*(1-I9) | K9: =EOMONTH(A9,1) | L9: No | M9: =IF(L9="Sí","Cobrado",IF(K9<Resumen!$B$1,"Vencido","Al día"))
A10: 46301 | B10: colegio nuevo horizonte | C10: =PROPER(TRIM(B10)) | D10: V02 | Carla Ruiz | E10: =_xlfn.TEXTAFTER(D10,"| ") | F10: PAP-220 | G10: 150 | H10: =_xlfn.XLOOKUP(F10,Productos!A:A,Productos!C:C,"Código no existe") | I10: =_xlfn.IFS(G10*H10>=100000,10%,G10*H10>=40000,5%,TRUE,0) | J10: =G10*H10*(1-I10) | K10: =EOMONTH(A10,1) | L10: No | M10: =IF(L10="Sí","Cobrado",IF(K10<Resumen!$B$1,"Vencido","Al día"))
A11: 46309 | B11: hotel mirador | C11: =PROPER(TRIM(B11)) | D11: V03 | Tomás Gil | E11: =_xlfn.TEXTAFTER(D11,"| ") | F11: LIM-040 | G11: 30 | H11: =_xlfn.XLOOKUP(F11,Productos!A:A,Productos!C:C,"Código no existe") | I11: =_xlfn.IFS(G11*H11>=100000,10%,G11*H11>=40000,5%,TRUE,0) | J11: =G11*H11*(1-I11) | K11: =EOMONTH(A11,1) | L11: No | M11: =IF(L11="Sí","Cobrado",IF(K11<Resumen!$B$1,"Vencido","Al día"))
A12: 46317 | B12: Kiosco La Esquina | C12: =PROPER(TRIM(B12)) | D12: V01 | Diego Paz | E12: =_xlfn.TEXTAFTER(D12,"| ") | F12: PAP-210 | G12: 10 | H12: =_xlfn.XLOOKUP(F12,Productos!A:A,Productos!C:C,"Código no existe") | I12: =_xlfn.IFS(G12*H12>=100000,10%,G12*H12>=40000,5%,TRUE,0) | J12: =G12*H12*(1-I12) | K12: =EOMONTH(A12,1) | L12: No | M12: =IF(L12="Sí","Cobrado",IF(K12<Resumen!$B$1,"Vencido","Al día"))
A13: 46323 | B13: Ferretería El Tornillo | C13: =PROPER(TRIM(B13)) | D13: V02 | Carla Ruiz | E13: =_xlfn.TEXTAFTER(D13,"| ") | F13: LIM-020 | G13: 50 | H13: =_xlfn.XLOOKUP(F13,Productos!A:A,Productos!C:C,"Código no existe") | I13: =_xlfn.IFS(G13*H13>=100000,10%,G13*H13>=40000,5%,TRUE,0) | J13: =G13*H13*(1-I13) | K13: =EOMONTH(A13,1) | L13: Sí | M13: =IF(L13="Sí","Cobrado",IF(K13<Resumen!$B$1,"Vencido","Al día"))

Sheet Productos
A1: Código | B1: Producto | C1: Precio
A2: LIM-010 | B2: Cloro 5 L | C2: 2400
A3: LIM-020 | B3: Detergente 5 L | C3: 3100
A4: LIM-030 | B4: Desinfectante 1 L | C4: 1150
A5: LIM-040 | B5: Papel higiénico x48 | C5: 9800
A6: PAP-200 | B6: Resma A4 | C6: 4500
A7: PAP-210 | B7: Cuadernos x10 | C7: 6200
A8: PAP-220 | B8: Bolígrafos x50 | C8: 3900

Sheet Resumen
A1: Fecha de corte | B1: 46330 | D1: Cliente | E1: Vence | F1: Neto
A2: Ventas del mes | B2: 46296 | D2: {=IFERROR(_xlfn._xlws.SORT(_xlfn._xlws.FILTER(_xlfn.CHOOSECOLS(Pedidos!A2:M13,3,11,10),Pedidos!M2:M13="Vencido"),3,-1),"Sin vencidos")}
A3: Diego Paz | B3: =SUMIFS(Pedidos!J:J,Pedidos!E:E,A3,Pedidos!A:A,">="&$B$2,Pedidos!A:A,"<="&EOMONTH($B$2,0))
A4: Carla Ruiz | B4: =SUMIFS(Pedidos!J:J,Pedidos!E:E,A4,Pedidos!A:A,">="&$B$2,Pedidos!A:A,"<="&EOMONTH($B$2,0))
A5: Tomás Gil | B5: =SUMIFS(Pedidos!J:J,Pedidos!E:E,A5,Pedidos!A:A,">="&$B$2,Pedidos!A:A,"<="&EOMONTH($B$2,0))
A7: Cliente | B7: Vencidas
A8: {=_xlfn._xlws.SORT(_xlfn.UNIQUE(Pedidos!C2:C13))} | B8: =COUNTIFS(Pedidos!C:C,A8,Pedidos!M:M,"Vencido")
B9: =COUNTIFS(Pedidos!C:C,A9,Pedidos!M:M,"Vencido")
B10: =COUNTIFS(Pedidos!C:C,A10,Pedidos!M:M,"Vencido")
B11: =COUNTIFS(Pedidos!C:C,A11,Pedidos!M:M,"Vencido")
B12: =COUNTIFS(Pedidos!C:C,A12,Pedidos!M:M,"Vencido")
