Workbook

Sheet Léeme
A1: Dashboard en Excel con IA paso a paso: el número que asusta
A3: Plantilla de Atajos IA (youtube.com/@AtajosIAoficial). Los datos son ficticios: reemplázalos por los tuyos.
A4: Funciona en Excel para la web (gratis) y en Microsoft 365. Dashboard!B1 tiene =HOY(): el tablero se actualiza solo cada día. Para ver los números del video, escribe 03/11/2026 en Dashboard!B1. Los pedidos son ficticios. Sin macros, sin vínculos externos y sin tablas dinámicas. La hoja Prompts trae todas las fórmulas de la plantilla (verificadas) y, al lado, la respuesta de Claude con su fecha.

Sheet Pedidos
A1: Fecha | B1: Cliente | C1: Vendedor | D1: Código | E1: Cant. | F1: Precio | G1: Desc. | H1: Neto | I1: Vence | J1: Pagado | K1: Estado | M1: Total de la Tabla (comprobación)
A2: 46027 | B2: Hotel Mirador | C2: Diego Paz | D2: PAP-220 | E2: 25 | F2: 3900 | G2: 0.05 | H2: 92625 | I2: 46081 | J2: Sí | K2: =IF(J2="Sí","Cobrado",IF(I2<Dashboard!$B$1,"Vencido","Al día")) | M2: =SUM(Pedidos[Neto])
A3: 46028 | B3: Hotel Mirador | C3: Diego Paz | D3: LIM-030 | E3: 50 | F3: 1150 | G3: 0.05 | H3: 54625 | I3: 46081 | J3: Sí | K3: =IF(J3="Sí","Cobrado",IF(I3<Dashboard!$B$1,"Vencido","Al día"))
A4: 46029 | B4: Colegio Nuevo Horizonte | C4: Diego Paz | D4: LIM-020 | E4: 120 | F4: 3100 | G4: 0.1 | H4: 334800 | I4: 46081 | J4: Sí | K4: =IF(J4="Sí","Cobrado",IF(I4<Dashboard!$B$1,"Vencido","Al día"))
A5: 46029 | B5: Kiosco La Esquina | C5: Diego Paz | D5: PAP-220 | E5: 15 | F5: 3900 | G5: 0.05 | H5: 55575 | I5: 46081 | J5: Sí | K5: =IF(J5="Sí","Cobrado",IF(I5<Dashboard!$B$1,"Vencido","Al día"))
A6: 46030 | B6: Ferretería El Tornillo | C6: Carla Ruiz | D6: LIM-010 | E6: 80 | F6: 2400 | G6: 0.1 | H6: 172800 | I6: 46081 | J6: Sí | K6: =IF(J6="Sí","Cobrado",IF(I6<Dashboard!$B$1,"Vencido","Al día"))
A7: 46030 | B7: Kiosco La Esquina | C7: Diego Paz | D7: PAP-200 | E7: 15 | F7: 4500 | G7: 0.05 | H7: 64125 | I7: 46081 | J7: Sí | K7: =IF(J7="Sí","Cobrado",IF(I7<Dashboard!$B$1,"Vencido","Al día"))
A8: 46031 | B8: Librería San Martín Srl | C8: Tomás Gil | D8: LIM-020 | E8: 60 | F8: 3100 | G8: 0.1 | H8: 167400 | I8: 46081 | J8: Sí | K8: =IF(J8="Sí","Cobrado",IF(I8<Dashboard!$B$1,"Vencido","Al día"))
A9: 46031 | B9: Ferretería El Tornillo | C9: Carla Ruiz | D9: PAP-200 | E9: 50 | F9: 4500 | G9: 0.1 | H9: 202500 | I9: 46081 | J9: Sí | K9: =IF(J9="Sí","Cobrado",IF(I9<Dashboard!$B$1,"Vencido","Al día"))
A10: 46034 | B10: Kiosco La Esquina | C10: Diego Paz | D10: PAP-210 | E10: 60 | F10: 6200 | G10: 0.1 | H10: 334800 | I10: 46081 | J10: Sí | K10: =IF(J10="Sí","Cobrado",IF(I10<Dashboard!$B$1,"Vencido","Al día"))
A11: 46035 | B11: Librería San Martín Srl | C11: Carla Ruiz | D11: PAP-200 | E11: 30 | F11: 4500 | G11: 0.1 | H11: 121500 | I11: 46081 | J11: No | K11: =IF(J11="Sí","Cobrado",IF(I11<Dashboard!$B$1,"Vencido","Al día"))
A12: 46036 | B12: Colegio Nuevo Horizonte | C12: Tomás Gil | D12: PAP-210 | E12: 60 | F12: 6200 | G12: 0.1 | H12: 334800 | I12: 46081 | J12: Sí | K12: =IF(J12="Sí","Cobrado",IF(I12<Dashboard!$B$1,"Vencido","Al día"))
A13: 46041 | B13: Kiosco La Esquina | C13: Carla Ruiz | D13: PAP-200 | E13: 100 | F13: 4500 | G13: 0.1 | H13: 405000 | I13: 46081 | J13: Sí | K13: =IF(J13="Sí","Cobrado",IF(I13<Dashboard!$B$1,"Vencido","Al día"))
A14: 46042 | B14: Ferretería El Tornillo | C14: Diego Paz | D14: LIM-040 | E14: 50 | F14: 9800 | G14: 0.1 | H14: 441000 | I14: 46081 | J14: Sí | K14: =IF(J14="Sí","Cobrado",IF(I14<Dashboard!$B$1,"Vencido","Al día"))
... A251: 46328 | B251: Hotel Mirador | C251: Diego Paz | D251: LIM-040 | E251: 50 | F251: 9800 | G251: 0.1 | H251: 441000 | I251: 46387 | J251: No | K251: =IF(J251="Sí","Cobrado",IF(I251<Dashboard!$B$1,"Vencido","Al día"))

Sheet Dashboard
A1: Fecha de corte | B1: =TODAY() | D1: Cliente | E1: Vence | F1: Neto | H1: Mes | I1: Ventas | K1: Vendedor | L1: Ventas del año | N1: Código | O1: Ventas (vendedor de B2)
A2: Vendedor | B2: Todos | D2: {=IFERROR(_xlfn._xlws.SORT(_xlfn._xlws.FILTER(_xlfn.CHOOSECOLS(Pedidos,2,9,8),Pedidos[Estado]="Vencido"),3,-1),"Sin vencidos")} | H2: =DATE(YEAR($B$1),1,1) | I2: =SUMIFS(Pedidos[Neto],Pedidos[Fecha],">="&H2,Pedidos[Fecha],"<="&MIN(EOMONTH(H2,0),$B$1)) | K2: Diego Paz | L2: =SUMIFS(Pedidos[Neto],Pedidos[Vendedor],K2,Pedidos[Fecha],">="&DATE(YEAR($B$1),1,1),Pedidos[Fecha],"<="&$B$1) | N2: LIM-010 | O2: =SUMIFS(Pedidos[Neto],Pedidos[Código],N2,Pedidos[Vendedor],IF($B$2="Todos","*",$B$2),Pedidos[Fecha],">="&DATE(YEAR($B$1),1,1),Pedidos[Fecha],"<="&$B$1)
A3: Ventas del año | B3: =SUMIFS(Pedidos[Neto],Pedidos[Fecha],">="&DATE(YEAR(B1),1,1),Pedidos[Fecha],"<="&B1) | H3: =DATE(YEAR($B$1),2,1) | I3: =SUMIFS(Pedidos[Neto],Pedidos[Fecha],">="&H3,Pedidos[Fecha],"<="&MIN(EOMONTH(H3,0),$B$1)) | K3: Carla Ruiz | L3: =SUMIFS(Pedidos[Neto],Pedidos[Vendedor],K3,Pedidos[Fecha],">="&DATE(YEAR($B$1),1,1),Pedidos[Fecha],"<="&$B$1) | N3: LIM-020 | O3: =SUMIFS(Pedidos[Neto],Pedidos[Código],N3,Pedidos[Vendedor],IF($B$2="Todos","*",$B$2),Pedidos[Fecha],">="&DATE(YEAR($B$1),1,1),Pedidos[Fecha],"<="&$B$1)
A4: Pedidos del año | B4: =COUNTIFS(Pedidos[Fecha],">="&DATE(YEAR(B1),1,1),Pedidos[Fecha],"<="&B1) | H4: =DATE(YEAR($B$1),3,1) | I4: =SUMIFS(Pedidos[Neto],Pedidos[Fecha],">="&H4,Pedidos[Fecha],"<="&MIN(EOMONTH(H4,0),$B$1)) | K4: Tomás Gil | L4: =SUMIFS(Pedidos[Neto],Pedidos[Vendedor],K4,Pedidos[Fecha],">="&DATE(YEAR($B$1),1,1),Pedidos[Fecha],"<="&$B$1) | N4: LIM-030 | O4: =SUMIFS(Pedidos[Neto],Pedidos[Código],N4,Pedidos[Vendedor],IF($B$2="Todos","*",$B$2),Pedidos[Fecha],">="&DATE(YEAR($B$1),1,1),Pedidos[Fecha],"<="&$B$1)
A5: Último mes cerrado | B5: =SUMIFS(Pedidos[Neto],Pedidos[Fecha],">"&EOMONTH(B1,-2),Pedidos[Fecha],"<="&EOMONTH(B1,-1)) | H5: =DATE(YEAR($B$1),4,1) | I5: =SUMIFS(Pedidos[Neto],Pedidos[Fecha],">="&H5,Pedidos[Fecha],"<="&MIN(EOMONTH(H5,0),$B$1)) | N5: LIM-040 | O5: =SUMIFS(Pedidos[Neto],Pedidos[Código],N5,Pedidos[Vendedor],IF($B$2="Todos","*",$B$2),Pedidos[Fecha],">="&DATE(YEAR($B$1),1,1),Pedidos[Fecha],"<="&$B$1)
A6: Este mes (hasta el corte) | B6: =SUMIFS(Pedidos[Neto],Pedidos[Fecha],">"&EOMONTH(B1,-1),Pedidos[Fecha],"<="&B1) | H6: =DATE(YEAR($B$1),5,1) | I6: =SUMIFS(Pedidos[Neto],Pedidos[Fecha],">="&H6,Pedidos[Fecha],"<="&MIN(EOMONTH(H6,0),$B$1)) | N6: PAP-200 | O6: =SUMIFS(Pedidos[Neto],Pedidos[Código],N6,Pedidos[Vendedor],IF($B$2="Todos","*",$B$2),Pedidos[Fecha],">="&DATE(YEAR($B$1),1,1),Pedidos[Fecha],"<="&$B$1)
A7: Mes cerrado vs. el anterior | B7: =B5/SUMIFS(Pedidos[Neto],Pedidos[Fecha],">"&EOMONTH(B1,-3),Pedidos[Fecha],"<="&EOMONTH(B1,-2))-1 | H7: =DATE(YEAR($B$1),6,1) | I7: =SUMIFS(Pedidos[Neto],Pedidos[Fecha],">="&H7,Pedidos[Fecha],"<="&MIN(EOMONTH(H7,0),$B$1)) | N7: PAP-210 | O7: =SUMIFS(Pedidos[Neto],Pedidos[Código],N7,Pedidos[Vendedor],IF($B$2="Todos","*",$B$2),Pedidos[Fecha],">="&DATE(YEAR($B$1),1,1),Pedidos[Fecha],"<="&$B$1)
A8: Mismo tramo vs. anterior | B8: =B6/SUMIFS(Pedidos[Neto],Pedidos[Fecha],">"&EOMONTH(B1,-2),Pedidos[Fecha],"<="&EDATE(B1,-1))-1 | H8: =DATE(YEAR($B$1),7,1) | I8: =SUMIFS(Pedidos[Neto],Pedidos[Fecha],">="&H8,Pedidos[Fecha],"<="&MIN(EOMONTH(H8,0),$B$1)) | N8: PAP-220 | O8: =SUMIFS(Pedidos[Neto],Pedidos[Código],N8,Pedidos[Vendedor],IF($B$2="Todos","*",$B$2),Pedidos[Fecha],">="&DATE(YEAR($B$1),1,1),Pedidos[Fecha],"<="&$B$1)
H9: =DATE(YEAR($B$1),8,1) | I9: =SUMIFS(Pedidos[Neto],Pedidos[Fecha],">="&H9,Pedidos[Fecha],"<="&MIN(EOMONTH(H9,0),$B$1))
A10: Ventas del vendedor | B10: =SUMIFS(Pedidos[Neto],Pedidos[Vendedor],IF(B2="Todos","*",B2),Pedidos[Fecha],">="&DATE(YEAR(B1),1,1),Pedidos[Fecha],"<="&B1) | H10: =DATE(YEAR($B$1),9,1) | I10: =SUMIFS(Pedidos[Neto],Pedidos[Fecha],">="&H10,Pedidos[Fecha],"<="&MIN(EOMONTH(H10,0),$B$1))
A11: Vencido sin cobrar | B11: =SUMIFS(Pedidos[Neto],Pedidos[Estado],"Vencido") | H11: =DATE(YEAR($B$1),10,1) | I11: =SUMIFS(Pedidos[Neto],Pedidos[Fecha],">="&H11,Pedidos[Fecha],"<="&MIN(EOMONTH(H11,0),$B$1))
A12: Facturas vencidas | B12: =COUNTIF(Pedidos[Estado],"Vencido") | H12: =DATE(YEAR($B$1),11,1) | I12: =SUMIFS(Pedidos[Neto],Pedidos[Fecha],">="&H12,Pedidos[Fecha],"<="&MIN(EOMONTH(H12,0),$B$1))
H13: =DATE(YEAR($B$1),12,1) | I13: =SUMIFS(Pedidos[Neto],Pedidos[Fecha],">="&H13,Pedidos[Fecha],"<="&MIN(EOMONTH(H13,0),$B$1))

Sheet Prompts
A1: # | B1: Bloque | C1: Prompt (Mapa · Meta · Prueba) | D1: Fórmula de la plantilla (verificada) | E1: Respuesta de Claude (fecha) | F1: Qué revisar
A2: 0 | B2: Mapa (va primero, una sola vez) | C2: Excel para la web en español, separador punto y coma. Tabla llamada Pedidos con las columnas Fecha, Cliente, Vendedor, Código, Cant., Precio, Desc., Neto, Vence, Pagado (Sí/No) y Estado (Cobrado, Vencido o Al día). En la hoja Dashboard, B1 es la fecha de corte y B2 el vendedor (o Todos). Usa referencias a la Tabla, como Pedidos[Neto]. | F2: Solo nombres de columnas: nunca pegues datos reales de clientes. ¿Tu Excel usa coma? Dilo en el mapa.
A3: 1 | B3: Mensaje único (lo probé) | C3: Te adjunto Distribuidora Sur - Pedidos 2026.xlsx (datos ficticios). Hazme un dashboard de ventas en Excel para la reunión del lunes: indicadores, gráficos y un filtro por vendedor, que se actualice cuando pegue pedidos nuevos. | E3: [PENDIENTE: respuesta real] | F3: ¿Es un Excel o una página? ¿Se rehace al pegar? ¿Sus números coinciden con los tuyos?
A4: 2 | B4: Pregunta 1 · Meta (B3, B4, B5) | C4: En Dashboard!B3, las ventas netas del año hasta la fecha de corte. En B4, cuántos pedidos hay en ese período. En B5, las ventas del último mes cerrado antes de la fecha de corte. | D4: B3 =SUMAR.SI.CONJUNTO(Pedidos[Neto];Pedidos[Fecha];">="&FECHA(AÑO(B1);1;1);Pedidos[Fecha];"<="&B1) B4 =CONTAR.SI.CONJUNTO(Pedidos[Fecha];">="&FECHA(AÑO(B1);1;1);Pedidos[Fecha];"<="&B1) B5 =SUMAR.SI.CONJUNTO(Pedidos[Neto];Pedidos[Fecha];">"&FIN.MES(B1;-2);Pedidos[Fecha];"<="&FIN.MES(B1;-1)) | E4: [PENDIENTE: respuesta real] | F4: Que usen la Tabla (Pedidos[Neto]) y no un rango fijo como H2:H250.
A5: 3 | B5: Pregunta 2 · Meta (B6 y gráfico) | C5: En B6, las ventas de este mes hasta la fecha de corte, y en B7 la variación de este mes contra el mes anterior, en porcentaje. Para el gráfico, en H2:I13, las ventas de cada mes del año, de enero a diciembre. | D5: B6 =SUMAR.SI.CONJUNTO(Pedidos[Neto];Pedidos[Fecha];">"&FIN.MES(B1;-1);Pedidos[Fecha];"<="&B1) H2 =FECHA(AÑO($B$1);1;1) (y 2…12 hacia abajo) I2 =SUMAR.SI.CONJUNTO(Pedidos[Neto];Pedidos[Fecha];">="&H2;Pedidos[Fecha];"<="&MIN(FIN.MES(H2;0);$B$1)) | E5: [PENDIENTE: respuesta real] | F5: Meses fijos de enero a diciembre, para que el mes nuevo ya tenga su barra.
A6: 3b | B6: La ingenua, para que la veas (no está en el Dashboard) | C6: — | D6: =B6/B5-1 → el día 3 del mes da −90,4 %: compara 3 días con un mes completo | F6: No la uses para decidir: es la tarjeta que corrige la Prueba.
A7: 4 | B7: Pregunta 3 · Meta (B10 y productos) | C7: En B2 pondré una lista desplegable con Todos, Diego Paz, Carla Ruiz y Tomás Gil. En B10 quiero las ventas del año del vendedor de B2; si dice Todos, las de todos. Y el mismo filtro para las ventas por producto de O2:O8. | D7: B10 =SUMAR.SI.CONJUNTO(Pedidos[Neto];Pedidos[Vendedor];SI(B2="Todos";"*";B2);Pedidos[Fecha];">="&FECHA(AÑO(B1);1;1);Pedidos[Fecha];"<="&B1) L2 =SUMAR.SI.CONJUNTO(Pedidos[Neto];Pedidos[Vendedor];K2;Pedidos[Fecha];">="&FECHA(AÑO($B$1);1;1);Pedidos[Fecha];"<="&$B$1) O2 =SUMAR.SI.CONJUNTO(Pedidos[Neto];Pedidos[Código];N2;Pedidos[Vendedor];SI($B$2="Todos";"*";$B$2);Pedidos[Fecha];">="&FECHA(AÑO($B$1);1;1);Pedidos[Fecha];"<="&$B$1) | E7: [PENDIENTE: respuesta real] | F7: Que «Todos» use el comodín *; prueba un vendedor y compara con un filtro.
A8: 5 | B8: La Prueba (el paso secreto: B7 y B8) | C8: Prueba: B7 es la variación de este mes contra el anterior (=B6/B5-1) y hoy muestra −90,4 %. ¿Qué situación puede hacer que esta tarjeta muestre un número creíble pero equivocado, sin dar error? ¿Qué debería mostrar con fecha de corte 03/11/2026? | D8: B7 =B5/SUMAR.SI.CONJUNTO(Pedidos[Neto];Pedidos[Fecha];">"&FIN.MES(B1;-3);Pedidos[Fecha];"<="&FIN.MES(B1;-2))-1 B8 =B6/SUMAR.SI.CONJUNTO(Pedidos[Neto];Pedidos[Fecha];">"&FIN.MES(B1;-2);Pedidos[Fecha];"<="&FECHA.MES(B1;-1))-1 | E8: [PENDIENTE: respuesta real] | F8: Cambia la fecha de corte al último día del mes anterior: si el número cambia de signo, compara días distintos.
A9: 6 | B9: Pregunta 4 · cobranza (D2, B11, B12) | C9: Meta: en D2, una lista que se actualice sola con Cliente, Vence y Neto de los pedidos con Estado Vencido, de mayor a menor neto; si no hay, que diga Sin vencidos. | D9: D2 =SI.ERROR(ORDENAR(FILTRAR(ELEGIRCOLS(Pedidos;2;9;8);Pedidos[Estado]="Vencido");3;-1);"Sin vencidos") B11 =SUMAR.SI.CONJUNTO(Pedidos[Neto];Pedidos[Estado];"Vencido") B12 =CONTAR.SI(Pedidos[Estado];"Vencido") | F9: Deja vacías las celdas de abajo de D2: la lista se desborda. ELEGIRCOLS no está en Excel 2021.
A10: 7 | B10: Estado (hoja Pedidos, columna K) | C10: Se arma en el video «10 fórmulas de Excel con IA» (Distribuidora Sur). | D10: K2 =SI(J2="Sí";"Cobrado";SI(I2<Dashboard!$B$1;"Vencido";"Al día")) | F10: Usa la fecha de corte de Dashboard!B1: con =HOY(), los vencidos cambian solos cada día.

Sheet Tus datos
A1: Paso | B1: Cómo usar el dashboard con tus pedidos
A2: 1 | B2: Dashboard!B1 ya tiene =HOY(). Si quieres otra fecha de corte, escríbela ahí (para ver el video: 03/11/2026). Si ves todo en 0 (por ejemplo, en 2027, con los pedidos de ejemplo de 2026), escribe 03/11/2026 en B1.
A3: 2 | B3: En Pedidos, borra las filas de ejemplo (deja el encabezado: la Tabla se mantiene). El total de M2 suma toda la columna Neto de la Tabla (todos los años, sin filtros): es solo para comprobar que la Tabla creció al pegar. Está fuera de la Tabla, separado por la columna L vacía.
A4: 3 | B4: Pega tus pedidos debajo del encabezado, con las mismas columnas y en el mismo orden. Si tu sistema trae otras columnas, ordénalas primero.
A5: 4 | B5: Revisa que Fecha y Vence sean fechas (no texto) y que Neto sea número: si no, las sumas dan 0 sin avisar.
A6: 5 | B6: Cada lunes, pega los pedidos nuevos debajo de la última fila. Mira la tarjeta del mes cerrado (B7), no la del mismo tramo.
